Group Id;English;Deutsch;Bahasa Indonesia;Bosanski;български език;Čeština;Dansk;Ελληνικά;English (US);Español;Suomi;Français;हिन्दी;Hrvatski;Magyar;Italiano;한국어;Latviešu;Nederlands;Norsk;Polski;Português;Română;Русский;Slovenčina;Slovenščina;Srpski;Svenska;Türkçe;Українська;Tiếng Việt Nam;简体中文;日本語;Catalán;Eesti keel;Nederlands (Belgian)
018a69c4214d776da107a46799894604;Overall Width;Gesamtbreite;;;Обща ширина;Celková šířka;Samlet bredde;;Overall width;Ancho total;Kokonaisleveys;Largeur totale;;;Teljes szélesség;Larghezza complessiva;전체 너비;Kopējais platums;Totale breedte;Total bredde;Szerokość całkowita;Largura geral;Lățime totală;Общая ширина;;;;;;Загальна ширина;;总宽度;全幅;En general Width;Kogulaius;Totale breedte
018a69e7c41a79f99bd5560d6b91a96a;Bolt thread position;Gewindeposition im Zapfen;;;Позиция на резбата на Болт;Poloha matice ;Bolt trådens position;;Bolt thread position;Posición de la rosca del perno ;pultti kierteen asento;Position de la tige filetée;;;Csavarmenet pozíciója;Posizione della filettatura del bullone;볼트 나사산 위치;Skrūve vītnes pozīcija;Schroefdraad positie ;Posisjon for Bolt;Położenie gwintu trzpień ;Posição da rosca do furo ;Poziția filetului Șurub;Положение резьбы болт ;;;;;;Положення різьби болта;;螺栓螺纹位置;ボルトねじ位置;Posició pern ;polt keerme asend;Schroefdraad positie
018a69ebc42f734d83ada36ef58ca4bf;Wheel diameter;Raddurchmesser;;;Диаметър на колелото;Průměr kolo ;Hjuldiameter;;Wheel diameter;Diámetro del aro ;pyörä halkaisija;Diamètre de roue;;;Kerékátmérő;Diametro ruota;휠 직경;Riteņa diametrs;Diameter wiel;Hjuldiameter;Średnica koło ;Diâmetro da roda ;Diametru roată;Диаметр колесо ;;;;;;Діаметр колеса;;轮径;車輪径;Velocitat de roda ;ratas läbimõõt;Wieldiameter
018a6a7ba1527200976b49bbbcd03487;Wheel width;Radbreite;;;ширина на колелото;Šířka kolo ;Hjulbredde;;Wheel width;Anchura del aro ;pyörä leveys;Largeur de roue;;;kerék szélessége;Larghezza ruota;휠 너비;Riteņa platums;Wielbreedte;Hjulbredde;Szerokość koło ;Largura da roda ;Lățime roată;Ширина колесо ;;;;;;Ширина колеса;;轮宽;車輪幅;roda ampla;ratas laius;Wielbreedte
018a6a7d7f637b4eafd97b135ec9eefc;Offset;Ausladung;;;Изместване;offset;Udladning;;Offset;desplazamiento;kääntösateen haitta;Déport;;;ellensúlyoz;Disassamento;오프셋;Ofsets;Offset;Utflod;wysięg;offset;Offset;офсет (смещение);;;;;;Зміщення;;偏移量;オフセット;desplaçament;offset;Offset
018a6a86ccd0746d879ac44523974aa3;Category;Kategorie;;;Категория;Kategorie;Kategori;;Category;Categoría;Luokka;Catégorie;;;Kategória;Categoria;범주;Kategorija;Categorie;Kategori;Kategoria;Categoria;Categorie;Категория;;;;;;Категорія;;类别;カテゴリー;Categoría;Kategooria;Categorie
018a6aa13c3477d4af7f8a46bdeede32;Hub length;Nabenlänge;;;Дължина на центъра;Délka poklice ;Navlængde;;Hub length;Longitud del cubo ;napa pituus;Longueur de moyeu;;;kerékagy hossza;Lunghezza mozzo;허브 길이;Rumbas garums;Naaflengte;Navlengde;Długość piasta;Comprimento do cubo ;Lungime butuc;Длина хаб ;;;;;;Довжина втулки;;中心长度;ハブの長さ;cub Hub;rumm ipikkus;Naaflengte
018ad6ebe98e7e2bbd1f7041be66d332;Swivel Interference;Störkreis;;;Интерференция при завъртане;otočné rušení;Udfaldsdiameter;;Swivel interference;interferencia de giro;kääntösateen haitta;Diamètre d'encombrement;;;körbeforgás;Ingombro di piroettamento;회전 간섭;Grozāms savienojums;Draaicirkel;Utløpsdiameter;zasięg działania koła;interferência giratória;Interferență pivotantă;поворотное соединение;;;;;;Поворотне з’єднання;;swivel interference;旋回径;sterferencia de giro;pöörlev ühendus;Uitzwenking
018ad6ed3c6772e2b3a67e99e6409f53;Overall height;Bauhöhe;;;Обща височина;Celková výška;Byggehøjde;;Overall height;altura total;rakennuskorkeus;Hauteur;;;teljes magasság;Altezza totale;총높이;Kopējais augstums;Totale hoogte;Byggehøyde;wysokość całkowita;altura total;Înălțime totală;общая высота;;;;;;Загальна висота;;总高;取付高;alçada total;üldkõrgus;Totale hoogte
018ad6eee3c67f29b0da2f874a7e3ee7;Standard;Norm;;;Стандартен;Standardní;Standard;;Standard;Estándar;Vakio;Norme;;;Standard;Standard;표준;Standarta;Standaard;Standard;Standardowy;Padrão;Standard;Стандартный;;;;;;Стандартний;;标准;標準;Estàndard;Standardne;Standaard
018b5bf5a584717f824a244ca8c9a585;Metal stem with circlip;Metall-Bundstift mit Klemmring;;;Метално щифт със зегер;Kovový přírubový čep s upínacím kroužkem;stift med kliklås;;Metal stem with circlip;Vástago metálico con espiga con anilla;Metallinen tappi kiinnitysrenkaalla;Tige tige avec circlips en métal;;;Fém szár biztosítógyűrűvel;Metallo Perno con anello;서클립이 있는 스템;Metāla stienis ar fiksātoru;Metalen kraagstift met klemring;pin med klikklås;Metalowy trzpień z pierścieniem osadczym;Haste metálica espiga com anel de impulso;tijă cu inel de siguranță;Металлическая круглый стержень;;;;;;Металева круглий стрижень;;金属带卡箍的阀杆;スナップリング付きステム;espiga amb anella;Metallist varras koos kinnitusrõngaga;Metalen stift met klemring
018b5bf6ed2a7c0a9ec7409138bca820;Bolt diameter;Zapfen Durchmesser;;;Диаметър на Болт;Průměr matice ;Boltdiameter;;Bolt diameter;Diámetro del perno ;pultti halkaisija;Diamètre du trou central;;;csavar átmérője;Diametro bullone ;볼트 직경;Skrūves diametrs;Diameter Bout ;Bolt diameter;Średnica trzpień ;Diâmetro do furo ;Diametru Șurub ;Диаметр болт ;;;;;;Діаметр болта ;;螺栓直径;ボルト径;pern Diamant;polt läbimõõt;Diameter Bout 
018b5bf78b0e7576afe9a587c89c3cfe;Dome diameter;Dom Durchmesser;;;Диаметър на купол;Průměr otočné kamery;Dome-diameter;;Dome diameter;Diámetro del domo;Kuvun halkaisija;Diamètre du dôme;;;Kupola átmérője;Diametro cuffia superiore;돔 직경;Kupola diametrs;Diameter koepel;Dome-diameter;Średnica kopuły;Diâmetro do dome;Diametru cupolă;Диаметр купола;;;;;;Діаметр ковпачка;;圆顶直径;ドーム径;Dome Dictel;kupli läbimõõt;Diameter koepel
018b5bf8fbd27485868d2ac7c1025064;Overall height with load;Bauhöhe mit Last;;;Обща височина с товар;celková výška s nákladem;Byggehøjde med belastning;;Overall height with load;La altura total con carga;rakennuskorkeus kuorman kanssa;Hauteur totale sous charge;;;Összmagasság terheléssel;Altezza totale con carico;적재물의 총높이 ;Kopējais augstums ar slodzi;Totale hoogte met lading;Byggehøyde med last;wysokość całkowita z obciążeniem;A altura total com carga;Înălțime totală cu sarcină;общая высота с грузом;;;;;;Загальна висота з вантажем ;;带负载总高 ;荷重による取付高 ;alçada total amb càrrega;üldkõrgus koos koormusega;Totale hoogte met lading
018b5bf9570c79c9b9760e118043147b;Maximum compression;Maximaler Federweg;;;Максимална КОМПРЕСИЯ;Maximální komprese;Maksimal Deformering;;Maximum compression;Máxima compresión;Maksimaalinen vaimennus;Compression maximale;;;Maximális kompresszió;Massima Compressione;최대 압축;Maksimālā kompresija;Maximale Compressie;Maksimal Deformasjon;Maksymalna kompresja;Máxima compressão;Compresie maximă;Максимальное сжатие;;;;;;Максимальна компресія;;最大压缩;最大圧縮;Màxima compresió;Maksimaalne surve;Maximale compressie
018b5bfa8ee87364bf05903e8d87335a;Swivel Radius;Schwenkradius;;;Радиус на завъртане;Poloměr otáčení;Udfaldsradius;;Swivel radius;Radio giratorio;Kääntyvä säde;Rayon d'encombrement;;;Forgatási sugár;Raggio di piroettamento;회전 반경;Pagrieziena rādiuss;Zwenk radius;Svingradius;Promień obrotowy;Raio giratório;Raza de pivotare;Радиус поворота;;;;;;Радіус повороту;;旋转半径;旋回半径;Esquivar Radius;Pööratav raadius;Zwenk radius
018b5bfb87b87c3a92f1630dfc48cc22;Bearing type;Lagertyp;;;Тип лагер;Typ ložiska;Lejetype;;Bearing type;Tipo de cojinete;Laakerin tyyppi;Type de roulement;;;Csapágy típusa;Tipo di cuscinetto;베어링 유형;Gultņa veids;Type lager;Lagertype;Typ łożyska;Tipo de rolamento;Tip rulment;Тип подшипника;;;;;;Тип підшипника;;轴承类型;ベアリングタイプ;Tipus de portador;Laagri tüüp;Type lager
018b5bfbdff276ddbe5c7e623d1ddccd;Hole circle diameter;Lochkreis Durchmesser;;;Диаметър Кръгов отвор ;Průměr kruhový otvor ;Huldiameter;;Hole circle diameter;Diámetro del círculo de agujeros ;reikä ympyrä halkaisija;Diamètre du trou circulaire;;;furatelosztás átmérője;Diametro dei fori;홀 서클 직경;Atveres apļa diametrs;Boutgat diameter;Diameter Hullsirkel ;Średnica średnica rozmieszczenia otworów ;Diâmetro do círculo do furo ;Diametrul Cerc de găuri ;Диаметр круг отверстия ;;;;;;Діаметр кола отвору ;;圆孔直径;穴円径;cercle de forats de Cielo;augu ava läbimõõt;Gatdiameter 
018b5bfc23d37806a6b838e0ad608d2d;Fitting hole diameter;Befestigungsbohrung Durchmesser;;;Диаметър на отворите за монтиране;průměr otvoru;Tilpasning af Huldiameter;;Fitting hole diameter;Ajuste del diámetro del agujero;reiän halkaisija;Diamètre du trou de fixation;;;furat átmérője;Diametro del foro di fissaggio;장착 홀 직경;Montāžas atveres diametrs;Diameter bevestigingsgat;Hulldiameter;średnica otworu montażowego;Encaixe do diâmetro do furo;Diametrul găurii de montare;диаметр отверстия;;;;;;Діаметр отвору для кріплення;;接头孔直径;フィッティング穴径;Fitting diàmetre del forat;ava diameeter;Bevestigingsdiameter
018b5bfc7cc37993adf91443abd11be6;Load capacity Static;Statische Tragfähigkeit ;;;Статичен Товароносимост ;Statický Nosnost ;Belastning Statisk;;Load capacity Static;La capacidad de carga es estática;kantavuus Staattinen;Capacité de charge statique;;;Statikus teherbírás ;Portata statica ;적재 용량 고정;Statiskā kravnesība ;Statisch draagvermogen;Statisk Laste ;Statyczna nośność ;Capacidade de carga estática ;Capacitate de încărcare statică;грузоподъемность, статическая;;;;;;Статична вантажопідйомність ;;载重静态;静荷重;tracidad de carga estàtica;kandevõimestaatiline;Statisch Draagvermogen
018b5bfd31227f099afa9b0e7b19f3d5;Length;Länge;;;Дължина;Délka;Længde;;Length;Longitud;Pituus;Longueur;;;Hossz;Lunghezza;길이;Garums;Lengte;Lengde;Długość;Comprimento;Lungime;Длина;;;;;;Довжина;;长度;長さ;Longitud;Pikkus;Lengte
018b5bfd8c6b783fa33dbbec23760c30;Width;Breite;;;Ширина;Šířka;Bredde;;Width;Ancho;Leveys;Largeur;;;Szélesség;Larghezza;너비;Platums;Breedte;Bredde;Szerokość;Largura;Lățime;Ширина;;;;;;Ширина;;宽度;幅;Width;Laius;Breedte
018b5bff6c3477d380369107be33bec3;Load capacity at 6 km/h;Tragfähigkeit bei 6 km/h;;;Товароносимост при 6 км/ч;Nosnost 6 km/h;Belastning ved 6 km/t;;Load capacity at 6 km/h;La capacidad de carga a 6 km/h;kantavuus 6 km/h;Capacité de charge à 6 km/h;;;teherbírás 6 km/h-nál;Portata a 6 km/h;6km/h에서의 적재 용량;Kravnesība pie 6 km/h;Draagvermogen bij 6 km/h;Laste på 6 km/t;nośność przy 6 km/h;Capacidade de carga a 6 km/h;Capacitate de încărcare la 6 km/h;грузоподъемность при 6 км/ч;;;;;;Вантажопідйомність при 6 км/год;;载重为 6 km/h;6km/hの耐荷重;tracidad de carga a 6 km/h;kandevõime 6 km/h;Draagvermogen bij 6 km/u
018b5bfff08b7ec6b006ec7daf79dcb6;Load capacity at 4 km/h;Tragfähigkeit bei 4 km/h;;;Товароносимост при 4 км/ч;Nosnost 4 km/h;Belastning ved 4 km/t;;Load capacity at 4 km/h;La capacidad de carga a 4 km/h;kantavuus 4 km/h;Capacité de charge à 4 km/h;;;teherbírás 4 km/h-nál;Portata a 4 km/h;4km/h에서의 적재 용량;Kravnesība pie 4 km/h;Draagvermogen bij 4 km/h;Laste på 4 km/t;nośność przy 4 km/h;Capacidade de carga a 4 km/h;Capacitate de încărcare la 4 km/h;грузоподъемность при 4 км/ч;;;;;;Вантажопідйомність при 4 км/год;;载重为 4 km/h;4km/hの耐荷重;tracidad de carga a 4 km/h;kandevõime 4 km/h;Draagvermogen bij 4 km/u
018b5c006a547281a6493a7a78972de4;Sealing Type;Dichtungstyp;;;Тип уплътнение;Typ těsnění;Forseglingstype;;Sealing type;Tipo de sellado;Tiivisteen tyyppi;Type d’étanchéité;;;Tömítés típusa;Tipo di tenuta;실링 유형;Blīvējuma veids;Type afdichting;Forseglingstype;Typ uszczelnienia;Tipo de vedação;Tip etanșare;Тип уплотнения;;;;;;Тип герметизації;;密封类型;シールタイプ;Tipus de seient;Tihendi tüüp;Type afdichting
018b5c8d25c67da8a9601b3c41384ade;Wheel Name 0 (ERP);Rad Name 0 (ERP);;;Име на Колело 0 (ERP);Název kolo 0 (ERP);Hjul 0 (ERP);;Wheel Name 0 (ERP);Nombre de aro 0 (ERP);pyörä nimi 0 (ERP);Roue nom 0 (ERP);;;kerék neve 0 (ERP);Nome ruota 0 (ERP);휠 이름 0(ERP);Riteņa nosaukums 0 (ERP);Wiel 0 (ERP);Hjul 0 (ERP);Nazwa koło 0 (ERP);Nome da roda 0 (ERP);Nume Roată 0 (ERP);Название колесо 0 (ERP);;;;;;Назва колеса 0 (ERP);;轮子名称0（ERP）;車輪名 0 (ERP);Nom de la roda 0 (ERP);ratas nimi 0 (ERP);Naam wiel 0 (ERP)
018b5c9117967cc2bd1ed1086cb43aaf;Fitting Type;Befestigungsart;;;Тип на прилягане;Typ montáže;Tilpasningstype;;Fitting type;Tipo de ajuste;Sovituksen tyyppi;Type de fixation;;;Szerelvény típusa;Tipo di fissaggio;피팅 유형;Uzstādīšanas veids;Type pasvorm;Tilpasningstype;Typ mocowania;Tipo de fixação;Tip ajustare;Тип фитинга;;;;;;Тип кріплення;;接头类型;フィッティングタイプ;Tipus de Fitting;Paigaldamise tüüp;Bevestigingstype
018bfb51f4a07819a4aced9c42c46439;Download Category;Kategorie herunterladen;;;Категория на изтегляне;Kategorie stahování;Download kategori;;Download Category;Categoría de descarga;Lataa kategoria;Télécharger la catégorie;;;Kategória letöltése;Categoria di download;다운로드 범주;Lejupielādēt kategoriju;Categorie downloaden;Last ned kategori;Pobierz kategorię;Categoria de transferência;Descărcare categorie;Загрузить категорию;;;Kategorija;;;Завантажити категорію;;下载类别;ダウンロードカテゴリ;Descarregar Categoría;Laadi kategooria alla;Categorie downloaden
018c0099891a7d16a16bd2e4a3e9039b;Language;Sprache;;;Език;Jazyk;Sprog;;Language;Idioma;Kieli;Langue;;;Nyelv;Lingua;언어;Valoda;Taal;Språk;Język;Idioma;Limbă;Язык;;;;;;Мова;;语言;言語;Llengua;Keel;Taal
018d1c6a8f1e7c6282139f6a9c0bcc4a;SKU;SKU;;;SKU;SKU;SKU;;SKU;SKU;SKU;SKU;;;SKU;SKU;SKU;SKU;SKU;SKU;SKU;SKU;SKU;SKU;;;;;;SKU;;SKU;SKU;Escàs;SKU;Artikelnummer
018d1c6c89b67894bec0508206b548ce;Overall Weight;Gesamtgewicht;;;Общо тегло;Celková hmotnost;Samlet vægt;;Overall weight;Peso total;Kokonaispaino;Poids;;;Összsúly;Peso complessivo;전체 체중;Kopējais svars;Totaal gewicht;Total vekt;Waga całkowita;Peso global;Greutate totală;Общий вес;;;;;;Загальна вага;;总重量;総重量;Pes total;Üldine kaal;Totaal gewicht
018d1c6cf73d71caace9c669507c65ce;Awards;Auszeichnungen;;;Награди;Ocenění;Priser;;Awards;Premios;Palkinnot;Récompenses;;;Díjak;Premi;상;Apbalvojumi;Prijzen;Priser;Nagrody;Prémios;Premii;Награды;;;;;;Нагороди;;奖励;アワード;Premis;Auhinnad;Prijzen
018d1c6d346b712f9592b9a78ebd67ba;Face Type;Flächentyp;;;Тип лице;Typ obličeje;Type;;Face type;Tipo de cara;Kasvojen tyyppi;Type de visage;;;Arculattípus;Tipo di faccia;얼굴 유형;Sejas tips;Gezichtstype;Type;Typ twarzy;Tipo de letra;Tip față;Тип лица;;;;;;Зовнішній вигляд;;面类型;顔タイプ;Tipus de cara;Näo tüüp;Gezichtstype
018d1c6decf57389a075277dd405b57a;EAN;EAN;;;ЪГЪЛ;EAN;EAN;;EAN;EAN;EAN;EAN;;;EAN;EAN;EAN;EAN;EAN;EAN;EAN;EAN;EAN;EAN;;;;;;EAN;;EAN;EAN;ÈAN;EAN;EAN
018d1c6e293c78fd842b0312d49f2049;Article Number;Artikelnummer;;;Номер на статия;Číslo článku;Artikelnummer;;Article number;Número de artículo;Artikkelin numero;Code article;;;Cikkszám;Numero articolo;문서 번호;Preces numurs;Artikelnummer;Artikkelnummer;Numer artykułu;Número do artigo;Număr articol;Номер статьи;;;;;;Номер статті;;物品编号;商品番号;Article número;Artikli number;Artikelnummer
018d1c6ea0df718ca8090c2476a481e1;Order Number;Bestellnummer;;;Номер на поръчка;Číslo objednávky;Ordrenummer;;Order number;Número de pedido;Tilauksen numero;Numéro de commande;;;Rendelésszám;Numero ordine;주문 번호;Pasūtījuma numurs;Bestelnummer;Bestillingsnummer;Numer zamówienia;Número de encomenda;Număr comandă;Номер заказа;;;;;;Номер замовлення;;订单编号;注文番号;Ordre número;Tellimuse number;Ordernummer
018d1c6f16fa7c99b89133325f5322c6;Local Order Number;Lokale Bestellnummer;;;Номер на местна поръчка;Číslo místní objednávky;Lokalt ordrenummer;;Local order number;Número de pedido local;Paikallinen tilausnumero;Numéro de commande local;;;Helyi rendelésszám;Numero ordine locale;현지 주문 번호;Vietējais pasūtījuma numurs;Lokaal bestelnummer;Lokalt bestillingsnummer;Lokalny numer zamówienia;Número de encomenda local;Număr comandă locală;Номер локального заказа;;;;;;Номер місцевого замовлення;;本地订单编号;現地注文番号;Número d'ordre local;Kohaliku tellimuse number;Lokaal ordernummer
018d1c6fdce17607af7302adf1b1ea57;Temperature Range (Maximum);Temperaturbereich (Maximum);;;Температурен диапазон (максимален);Teplotní rozsah (maximální);Temperaturområde (maksimum);;Temperature range (Maximum);Rango de temperatura (máximo);Lämpötila-alue (maksimi);Plage de température (maximale);;;Hőmérséklet-tartomány (maximális);Intervallo di temperatura (massimo);온도 범위(최대);Temperatūras diapazons (maksimālais);Temperatuurbereik (maximaal);Temperaturområde (maksimum);Zakres temperatur (maksymalny);Intervalo de temperatura (máximo);Interval de temperatură (maxim);Диапазон температур (максимальный);;;;;;Діапазон температур (максимальний);;温度范围（最大）;温度範囲（最大）;Temperatura (màxim);Temperatuurivahemik (maksimaalne);Temperatuurbereik (maximaal)
018d1c6ffe3d710fbb5f5d74d298fe56;Temperature Range (Minimum);Temperaturbereich (Minimum);;;Температурен диапазон (минимален);Rozsah teploty (minimální);Temperaturområde (minimum);;Temperature range (Minimum);Rango de temperatura (mínimo);Lämpötila-alue (vähintään);Plage de température (minimale);;;Hőmérséklet-tartomány (minimális);Intervallo di temperatura (minimo);온도 범위(최소);Temperatūras diapazons (minimālais);Temperatuurbereik (minimaal);Temperaturområde (minimum);Zakres temperatur (minimalny);Intervalo de temperatura (mínimo);Interval de temperatură (minim);Диапазон температур (минимальный);;;;;;Діапазон температур (мінімальний);;温度范围（最低）;温度範囲（最小）;Temperatura (mínim);Temperatuurivahemik (minimaalne);Temperatuurbereik (minimaal)
018d1c7071a87d0a991cccf3ff01a208;Sustainable;Nachhaltig;;;Устойчиво;Udržitelné;Bæredygtig;;Sustainable;Sostenible;Kestävä;Durable;;;Fenntartható;Sostenibile;지속 가능;Ilgtspējīgs;Duurzaam;Bærekraftig;Zrównoważony rozwój;Sustentável;Sustenabil;Устойчивое развитие;;;;;;Стійкий;;可持续;持続可能な;Sostenible;Jätkusuutlik;Duurzaam
018d1c70ad93706090b89f6a677a7c2a;Technical Drawings;Technische Zeichnungen;;;Технически чертежи;Technické výkresy;Tekniske tegninger;;Technical Drawings;Dibujos técnicos;Tekniset piirustukset;Plans techniques;;;Műszaki rajzok;Disegni tecnici;기술 도면;Tehniskie zīmējumi;Technische tekeningen;Tekniske tegninger;Rysunki techniczne;Desenhos Técnicos;Scheme tehnice;Технические чертежи;;;;;;Технічні малюнки;;技术图纸;図面;Dibuixos tècnics;Tehnilised joonised;Technische tekeningen
018d1c70e31d76f9ae337d18609c5d42;Advantages;Vorteile;;;Предимства;Výhody;Fordele;;Advantages;Ventajas;Edut;Avantages;;;Előnyök;Vantaggi;장점;Priekšrocības;Voordelen;Fordeler;Zalety;Vantagens;Avantaje;Преимущества;;;;;;Переваги;;优势;利点;Avantatges;Eelised;Voordelen
018d1c714ae879f69bfdc770d78f8659;Fitting Height;Höhe der Befestigung;;;Височина на прилягане;Montážní výška;Monteringshøjde;;Fitting height;Altura de ajuste;Sovittimen korkeus;Hauteur de la fixation;;;Szerelési magasság;Altezza di montaggio;피팅 높이;Uzstādīšanas augstums;Bouwhoogte;Monteringshøyde;Wysokość mocowania;Altura da fixação;Înălțimea de montare;Высота фитинга;;;;;;Висота кріплення;;接头高度;フィッティング高さ;Fitting altura;Paigalduse kõrgus;Bevestigingshoogte
018d1c719d297c6f9307ec5dac3889e4;Bolt hole diameter;Rückenloch Durchmesser ;;;Диаметър на отворите Болт;průměr otvoru matice ;Bolt Huldiameter;;Bolt hole diameter;El diámetro del agujero del perno ;pultti reiän halkaisija;Diamètre du trou central;;;Csavar furat átmérője;Diametro del foro;볼트 홀 직경;Skrūves atveres diametrs;Boutgat diameter ;Diameter på Bolthull;średnica otworu trzpień ;Diâmetro do furo;Diametrul găurii Șurub ;диаметр отверстия болт ;;;;;;Діаметр отвору під болт;;螺栓孔直径;ボルト穴径;pern diàmetre del forat;polt ava diameeter;Diameter boutgat diameter
018d1c71daa27d1ba7541dc03d246baf;Expander fitting (Maximum);Expanderbefestigung (Maximum);;;Удължаващи фитинги (максимален);expandér (maximální);Expanderbefæstigelse (maksimum);;Expander fitting (Maximum);La fijación expansiva (máxima);laajentimen kiinnitys (enintään);Fixation expansible (maximum);;;befeszítő csap (maximális);Fissaggio ad espansore (massimo);익스팬더 피팅(최대);Paplašinātāja stiprinājums (maksimālais);Expander bevestiging (maximaal);Expanderfeste (maksimum);mocowanie na kołek rozporowy (maksymalne);Encaixe expansivo (Máximo);Montaj expansiune (maximă);распорный фитинг (максимум);;;;;;Розширювальний фітинг (максимальне);;膨胀机配件（最大）;エキスパンダーフィッティング（最大）;fixació expansivamàxim);ekspander (maksimaalne);Expander bevestiging (maximaal)
018d1c71eb8f7dd4a004dfac52ef4262;Expander fitting (Minimum);Expanderbefestigung (Minimum);;;Удължаващи фитинги (минимум);expandér (minimální);Expanderbefæstigelse (minimum);;Expander fitting (Minimum);La fijación expansiva (mínimo);laajentimen kiinnitys (vähintään);Fixation expansible (minimum);;;Befeszítőcsap (minimális);Fissaggio ad espansore (minimo);익스팬더 피팅(최소);Paplašinātāja stiprinājums (minimālais);Expander bevestiging (minimaal);Expanderfeste (minimum);mocowanie na kołek rozporowy (minimalne);Encaixe expansivo (Mínimo);Montaj expansiune (minim);распорный фитинг (минимум);;;;;;Розширювальний фітинг (мінімум);;膨胀机配件（最小）;エキスパンダーフィッティング（最小）;fixació expansivaMinimum);ekspander (minimaalne);Expander bevestiging (minimaal)
018d1c7253b270cea7a4c23adab39054;Stem diameter;Bundstift Durchmesser;;;Диаметър Щифт ;Průměr přírubový čep ;Stiftdiameter;;Stem diameter;Diámetro de la espiga ;tappi halkaisija;Diamètre de la tige;;;szár átmérője;Diametro perno ;스템 직경;Stieņa diametrs;Diameter stift ;Stift diameter;Średnica trzpień ;Diâmetro da espiga ;Diametru Tijă ;Диаметр стержень ;;;;;;Діаметр стрижня;;阀杆直径;ステム径;espiga de diàmetre;varras läbimõõt;Diameter Stift 
018d1c729d8a72c4946fbf40d6d712ba;Stem length;Bundstift Länge ;;;Щифт ;Délka přírubový čep ;Stiftlængde;;Stem length;Longitud de la espiga ;tappi pituus;Longueur de la tige;;;szár hossza;Lunghezza perno ;스템 길이;Stieņa garums;Lengte stift;Stift lengde;Długość trzpień ;Comprimento da espiga ;Lungime Tijă ;Длина стержень ;;;;;;Довжина стрижня;;阀杆长度;ステム長;espiga llarga;varras pikkus;Lengte Stift 
018d1c7409537bdc8d27744ea2091eae;Suitable wheel diameter;Geeigneter Raddurchmesser;;;Подходящ диаметър на Колело;Vhodný průměr kolo ;Passende hjulstørrelse;;Suitable wheel diameter;Diámetro de aro adecuado;Sopiva pyörä halkaisija;Adapté pour les diamètres de roue;;;Megfelelő kerékátmérő;Diametro della ruota;적절한 휠 지름;Piemērots riteņa diametrs;Geschikte Wieldiameter;Egnet Hjuldiameter;Odpowiednia średnica koło ;Diâmetro disponível da roda ;Diametru adecvat Roată ;Подходящий диаметр колесо ;;;;;;Відповідний діаметр колеса;;合适的轮子直径;適切な車輪径;Distància de roda adequada;Sobiv ratas läbimõõt;Geschikte wiel diameter
018d1c748c687f3cbf935fbe7b09c834;Floor distance;Bodenabstand;;;Разстояние на пода;Vzdálenost od podlahy;Afstand på gulvet;;Floor distance;Distancia al suelo;Lattian etäisyys;Distance au sol;;;Padlótávolság;Distanza dal pavimento;바닥 거리;Stāva attālums;Vloerafstand;Avstand på gulvet;Odległość od podłogi;Distância do chão;Distanță podea;Расстояние до пола;;;;;;Відстань до підлоги;;地面距离;フロア距離;Distància superficial;Põranda kaugus;Vloerafstand
018d1c752f0871088730c8af3cf8bc9f;Load Capacity at 3 km/h;3 km/h Tragfähigkeit;;;Товароносимост при 3 км/ч;nosnost 3 km/h;Belastning ved 3 km/t;;Load capacity at 3 km/h;La capacidad de carga a 3 km/h;kantavuus nopeudella 3 km/h;Capacité de charge à 3 km/h;;;teherbírás 3 km/h-nál;Portata a 3 km/h;3km/h에서의 적재 용량;Kravnesība pie 3 km/h;Draagvermogen bij 3 km/h;Laste på 3 km/t;nośność przy 3 km/h;Capacidade de carga a 3 km/h;Capacitate de încărcare la 3 km/h;грузоподъемность при 3 км/ч;;;;;;Вантажопідйомність при 3 км/год;;3 公里/小时时的载重;3km/hの耐荷重;tracidad de carga a 3 km/h;kandevõime 3 km/h juures;Draagvermogen bij 3 km/u
018d1c75ec087db69efa86c047dc6a75;Price;Preis;;;Цена;Cena;Pris;;Price;Precio;Hinta;Prix;;;Ár;Prezzo;가격;Cena;Prijs;Pris;Cena;Preço;Preț;Цена;;;;;;Ціна;;价格;価格;Preu;Hind;Prijs
018d1c7654ac7a80ad3e017137de52b7;Customs Tariff Number;Zolltarif-Nummer;;;Митнически тарифен номер;Celní tarifní číslo;Toldnummer;;Customs tariff number;Número de arancel aduanero;Tullimaksun numero;Code douanier;;;Vámtarifaszám;Numero tariffa doganale;관세 번호;Muitas tarifa numurs;Douanetariefnummer;Tollavgiftsnummer;Numer taryfy celnej;Número de Tarifa Aduaneira;Număr tarif vamal;Номер таможенного тарифа;;;;;;Митний тарифний номер;;海关关税编号;関税番号;Tarifa aranzelària número;Tollitariifistiku number;Douanetarief nummer
018d1c76e1a17912b2e94a6d356f011d;Material;Material;;;Материал;Materiál;Materiale;;Material;Material;Materiaali;Matériau;;;Anyag;Materiale;재료;Materiāls;Materiaal;Materiale;Materiał;Material;Material;Материал;;;;;;Матеріал;;材料;材料;Material;Materjal;Materiaal
018d1c77245a76e8b1704f8ccecd4416;Fork shape;Gabelform;;;Форма Вилица;tvar vidlice ;Gaffel Form;;Fork shape;La forma de la horquilla ;haarukka muoto;Forme de la chape ;;;Villa alakja;Forma della forcella;fork 외형;Dakšas forma;Vork Vorm;Gaffelform;kształt widelec;Em forma de garfo ;FormăFurcă;форма вилы;;;;;;Форма кронштейну;;支架形状;フォーク形状;Forma de forquilla forma;kahvel kujundamine;Vork Vorm
018d1c7757667a7fa2d7afe2948de27c;Swivel bearing;Schwenklager;;;Въртящ се лагер;otočné ložisko;Drejekrans;;Swivel bearing;rodamiento giratorio;kääntyvä laakeri;Pivot;;;forgócsapágy;Cuscinetto del supporto;스위블 베어링;Grozāmais gultnis;Zwenklager;Svinglager;łożysko obrotowe;rolamento giratório;Rulment pivotant;повортный узел;;;;;;Поворотний підшипник;;旋转轴承;旋回ベアリング;scamiento giratorio;pöördsõlm;Zwenklager
018d1c77c297771ba90fd7c3d89d53a3;Quantity of fitting holes;Anzahl der Befestigungsbohrungen;;;Количество на отворите за фитинги;Množství montážních otvorů;Antal monteringshuller;;Quantity of fitting holes;Cantidad de orificios de conexión;Sovitusreikien määrä;Nombre de trous de fixation;;;Illesztőfuratok mennyisége;Numero di fori di fissaggio;장착 구멍 수량;Stiprinājumu daudzums;Aantal montagegaten;Antall monteringshull;Liczba otworów montażowych;Quantidade de furos da fixação;Cantitatea de orificii de montare;Количество отверстий для фитингов;;;;;;Кількість монтажних отворів;;接头孔数量;フィッティング穴数;Quantitat de forats;Kinnitusaukude kogus;Aantal bevestigingsgaten
018d1c78e28778008de44e2eff4431fd;Thread Diameter;Gewindedurchmesser;;;Диаметър на резбата;Průměr závitu;Trådens diameter;;Thread diameter;Diámetro de la rosca;Kierteen halkaisija;Diamètre du filetage;;;Menet átmérője;Diametro filettatura;나사산 직경;Vītnes diametrs;Diameter schroefdraad;Hjulbanediameter;Średnica gwintu;Diâmetro da rosca;Diametru filet;Диаметр резьбы;;;;;;Діаметр різьби;;螺纹直径;ねじ径;El diametratge;Keerme läbimõõt;Diameter schroefdraad
018d1c790bd47e8897d564967cc6f671;Thread Position;Gewinde-Position;;;Позиция на резбата;Poloha závitu;Trådposition;;Thread position;Posición de la rosca;Kierteen asento;Position du filetage;;;Menet pozíciója;Posizione filettatura;나사산 위치;Vītnes pozīcija;Positie schroefdraad;Hjulbaneposisjon;Pozycja gwintu;Posição da rosca;Poziția filetului;Положение резьбы;;;;;;Положення різьби;;螺纹位置;ねじ位置;Posició de fil;Keerme asend;Positie schroefdraad
018d1c79a69b78efa19add6113b9647f;Spring Stroke Length;Federweglänge;;;Дължина на пролетния инсулт;Délka pružinového zdvihu;Længde på fjederslag;;Spring stroke length;Longitud de recorrido del resorte;Jousen iskun pituus;Longueur de course du ressort;;;Rugó lökethossz;Lunghezza corsa molla;스프링 스트로크 길이;Atsperes gājiena garums;Lengte veerslag;Lengde på fjærslag;Długość skoku sprężyny;Comprimento do curso da mola;Lungimea cursei de primăvară;Длина хода пружины;;;;;;Довжина ходу пружини;;弹簧冲程长度;スプリングストローク長;La primavera de l'ictus dura;Kevadine insuldi pikkus;Lengte veerslag
018d1c7a6281748e9ddffdfce2df7fe5;Attrition;Abrieb;;;Привличане;Úbytek;Attrition;;Attrition;Deserción;Mielipide;Usure;;;Kopás;Attrito;감원;Nodilums;Slijtage;Attrisjon;Odejście;Desgaste;Atriție;Исчезновение;;;;;;Стирання;;损耗;摩擦;Atràcia;Atraktiivsus;Verloop
018d1c7aa7827b1c823bb7e07a6185a4;Corrosion Resistance;Korrosionsbeständigkeit;;;Устойчив на корозия;Odolnost proti korozi;Rustbeskyttelse;;Corrosion resistance;Resistencia a la corrosión;Korroosionkestävyys;Résistance à la corrosion;;;Korrozióálló képesség;Resistenza alla corrosione;부식방지;Korozijas izturīgs;Corrosiebestendigheid;Rustbeskyttelse;Odporność na korozję;Resistência à corrosão;Rezistență la coroziune;Коррозионная стойкость;;;;;;Стійкість до корозії;;耐腐蚀;耐食性;Resistència a la corrosió;Korrosiooni takistus;Corrosieweerstand
018d1c7b10347ed1805aba5ee415dbce;Movement Noise;Fahrgeräusch;;;Шум от движение;Hluk při pohybu;Bevægelsesstøj;;Movement noise;Ruido de movimiento;Liikkeen melu;Bruit de mouvement;;;Mozgás zajkibocsátása;Rumore;움직임 소음;Kustības troksnis;Bewegingsgeluid;Bevegelsesstøy;Hałas ruchowy;Ruído de movimento;Zgomot de mișcare;Шум движения;;;;;;Шум руху;;移动噪音;動きのノイズ;El soroll del moviment;Liikumismüra;Bewegingsgeluid
018d1c7b686a76dd9dd2f22ccc76c8e8;Roll Performance;Laufverhalten;;;Производителност на ролката;Výkon role;Rullemodstand;;Roll performance;Rendimiento del rodillo;Rullan suorituskyky;Performance de roulage;;;Gördülési ellenállás teljesítménye;Prestazioni di rotolamento;롤 성능;Ruļļa veiktspēja;Rolprestaties;Rulleytelse;Wydajność rolki;Desempenho do rolamento;Performanța rolei;Производительность рулонов;;;;;;Продуктивність обертання;;轧制性能;回転性能;Actuació Roll;Rulli jõudlus;Rolprestaties
018d1c7bb4917529a9648dae0749cee6;Hardness of tread (A);Härte der Lauffläche (A);;;Твърдост на Резба (A);Tvrdost běhoun (A);Hårdhed af Hjulbane (A);;Hardness of tread (A);Dureza de la banda de rodadura (A);kulutuspinta kovuus (A);Dureté du bandage (A);;;A futófelület keménysége (A);Durezza del Battistrada (A);트레드의 경도(A);Protektora cietība (A);Hardheid van het Loopvlak (A);Hardhet i Hjulbane (A);Twardość bieżnia (A);Dureza do piso (A);Duritatea benzii de Benză de rulare (A);Твердость протектор (A);;;;;;Твердість протектора (A);;胎面硬度 （A）;トレッドの硬度（A）;La duresa del banda de rodadura (A);veerepind (A);Hardheid van het loopvlak (A)
018d1c7bca337b179782f6d749adf2c7;Hardness of tread (D);Härte der Lauffläche (D);;;Твърдост на Резба (D);Tvrdost běhoun (D);Hårdhed af Hjulbane (D);;Hardness of tread (D);Dureza de la banda de rodadura (D);kulutuspinta kovuus (D);Dureté du bandage (D);;;A futófelület keménysége (D);Durezza del Battistrada (D);트레드의 경도(D);Protektora cietība (D);Hardheid van het Loopvlak (D);Hardhet i Hjulbane (D);Twardość bieżnia (D);Dureza do piso (D);Duritatea benzii de Benză de rulare (D);Твердость протектор (D);;;;;;Твердість протектора (D);;胎面硬度 （D）;トレッドの硬度（D）;La duresa del banda de rodadura (D);veerepind (D);Hardheid van het loopvlak (D)
018d1c7c81aa704c8438432d1af110b2;Body material;Material des Radkörpers;;;Материал на тялото;Materiál těla;Fælgmateriale;;Body material;Material del cuerpo;Kehon materiaali;Corps de roue;;;Felépítmény anyaga;Materiale del corpo;차체 재질;Korpusa materiāls;Materiaal wielkern;Kroppsmateriale;Materiał ciała;Material do centro da roda;Material pentru corp;Материал корпуса;;;;;;Матеріал корпуса;;主体材料;本体材質;Material corporal;Keha materjal;Wielkern materiaal
018d1c7cf5be7a6cb2023a11e45f2d0d;Tread material;Material der Lauffläche;;;Материал на реазбата;materiál běhounu;Hjulbanemateriale;;Tread material;material de la banda de rodadura;kulutuspinnan materiaali;Bandage;;;futófelület anyaga;Materiale del battistrada;트레드 재질;Protektora materiāls;Materiaal loopvlak;Hjulbanemateriale;materiał bieżni;Material do piso da roda;Material al benzii de rulare;материал протектора;;;;;;Матеріал протектору;;胎面材料;トレッド材質;material de la banda de rodadura;veerepinna materjal;Materiaal loopvlak
018d1c7d7cbb73ffb593826bfaf77314;Bearing;Lager;;;Лагер;Ložisko;Leje;;Bearing;Cojinete;Laakeri;Roulement;;;Csapágy;Cuscinetto;베어링;Gūltnis;Lagering;Lager;Łożysko;Rolamento;Lagăr;Подшипник;;;;;;Підшипник;;轴承;ベアリング;El Bearing;Laagr;Lager
018d1c7dc72a7aeca98cbf8359af54ef;Marketing Pictures;Marketingbilder;;;Маркетингови снимки;Marketingové fotografie;Markedsføringsbilleder;;Marketing pictures;Imágenes de marketing;Markkinointikuvat;Images marketing;;;Marketing témájú képek;Immagini di marketing;마케팅 사진;Mārketinga attēli;Marketingfoto's;Markedsføring bilder;Zdjęcia marketingowe;Imagens de marketing;Imagini de marketing;Маркетинговые фотографии;;;;;;Маркетингові фотографії;;营销图片;マーケティング写真;Comercialització d'imatges;Turunduspildid;Marketingfoto's
018d1c7e25a67c5484b2d8be6eca81f5;Product Pictures 3D;Produktbilder 3D;;;Снимки на продукти 3D;Obrázky produktu 3D;Produktbilleder 3D;;Product pictures 3D;Imágenes del producto 3D;Tuotteen kuvat 3D;Photos des produits en 3D;;;3D termékképek;Immagini del prodotto 3D;제품 사진 3D;Produktu attēli 3D;Productafbeeldingen 3D;Produktbilder 3D;Zdjęcia produktów 3D;Imagens do produto em 3D;Imagini produs 3D;3D-изображения продуктов;;;;;;Зображення продукту 3D;;产品图片 3D;製品の写真 3D;Imatges 3D;Toote pildid 3D;Productafbeeldingen 3D
018d1c7ebc4c790fbed9f4fff63c82c4;Plate Hole Width (Maximum);Plattenlochbreite (Maximum);;;Ширина на отвора на плаката (максимална);Šířka otvoru dlahy (maximální);Pladehullets bredde (maksimum);;Plate hole width (Maximum);Anchura del orificio de la placa (máxima);Levyn reiän leveys (maksimi);Largeur des trous de la platine (maximum);;;Lemezfurat szélessége (maximális);Larghezza foro piastra (massima);플레이트 구멍 너비(최대);Plāksnes atveres platums (maksimālais);Breedte plaatgat (maximaal);Platehullbredde (maksimal);Szerokość otworu płytki (maksymalna);Largura do furo da placa (Máximo);Lățimea orificiului plăcii (maximă);Ширина отверстия пластины (максимальная);;;;;;Ширина отвору пластини (максимальна);;板孔宽度（最大）;プレート穴幅（最大）;Width (màxim);Plaadi augu laius (maksimaalne);Breedte bevestigingsgat (maximaal)
018d1c7ed3337a878830260d009af37b;Plate Hole Width (Minimum);Plattenlochbreite (Minimum);;;Ширина на отвора на плаката (минимална);Šířka otvoru dlahy (minimální);Pladehulbredde (minimum);;Plate hole width (Minimum);Ancho del orificio de la placa (mínimo);Levyn reiän leveys (vähintään);Largeur des trous de la platine (minimum);;;Lemezfurat szélessége (minimális);Larghezza foro piastra (minima);플레이트 구멍 너비(최소);Plāksnes atveres platums (minimālais);Breedte plaatgat (minimaal);Platehullbredde (minimum);Szerokość otworu płytki (minimalna);Largura do furo da placa (Mínimo);Lățimea orificiului plăcii (minim);Ширина отверстия пластины (минимальная);;;;;;Ширина отвору пластини (мінімальна);;板孔宽度（最小）;プレート穴幅（最小）;L'amplada de la placa Hole (Minimum);Plaadi augu laius (minimaalne);Breedte bevestigingsgat (minimaal)
018d1c7f4f1b7b9fb3cd715e3748e3f2;Plate Hole Length (Maximum);Plattenlochlänge (maximal);;;Дължина на отвора на плаката (максимална);Délka otvoru dlahy (maximální);Længde på pladehul (maksimum);;Plate hole length (Maximum);Longitud del orificio de la placa (máxima);Levyn reiän pituus (enintään);Longueur des trous de la platine (maximum);;;Lemezfurat hossza (maximális);Lunghezza foro piastra (massima);플레이트 홀 길이(최대);Plāksnes atveres garums (maksimālais);Lengte plaatgat (maximaal);Lengde på platehull (maksimum);Długość otworu płytki (maksymalna);Comprimento do furo da placa (Máximo);Lungime orificiu placă (maximă);Длина отверстия пластины (максимальная);;;;;;Довжина отвору пластини (максимальна);;板孔长度（最大）;プレート穴長（最大）;Longitud del forat de placa (màxim);Plaadi augu pikkus (maksimaalne);Lengte bevestigingsgat (maximaal)
018d1c7f656671208c4f14097dbbeb09;Plate Hole Length (Minimum);Plattenlochlänge (Minimum);;;Дължина на отвора на плаката (минимална);Délka otvoru dlahy (minimální);Længde på pladehul (minimum);;Plate hole length (Minimum);Longitud del orificio de la placa (mínimo);Levyn reiän pituus (vähintään);Longueur des trous de la platine (minimum);;;Lemezfurat hossza (minimális);Lunghezza foro piastra (minima);플레이트 홀 길이(최소);Plāksnes atveres garums (minimālais);Lengte plaatgat (minimaal);Lengde på platehull (minimum);Długość otworu płytki (minimalna);Comprimento do furo da placa (mínimo);Lungime orificiu placă (minim);Длина отверстия пластины (минимальная);;;;;;Довжина отвору пластини (мінімальна);;板孔长度（最小）;プレート穴長（最小）;Llargada de l'ull de placa (Minimum);Plaadi augu pikkus (minimaalne);Lengte bevestigingsgat (minimaal)
018d1c8026857f61a7bbe79fe7cf90d2;Plate Hole Diameter;Plattenloch Durchmesser;;;Диаметър на отвора на плаката;Průměr otvoru dlahy;Pladehullets diameter;;Plate hole diameter;Diámetro del orificio de la placa;Levyn reiän läpimitta;Diamètre des trous de la platine;;;Lemezfurat átmérője;Diametro del foro della piastra;플레이트 구멍 직경;Plāksnes atveres diametrs;Diameter plaatgat;Diameter på platehull;Średnica otworu płytki;Diâmetro do furo da placa;Diametru orificiu placă;Диаметр отверстия пластины;;;;;;Діаметр отвору пластини;;板孔直径;プレート穴径;Diametratge de forats de placa;Plaadi augu läbimõõt;Diameter bevestigingsgat
018d1c80872c70f996349de02c37ad67;Plate Length;Plattenlänge;;;Дължина на плаката;Délka dlahy;Pladelængde;;Plate length;Longitud de la placa;Levyn pituus;Longueur de la platine;;;Talplemez hossza;Lunghezza della piastra;플레이트 길이;Plāksnes garums;Lengte plaat;Platelengde;Długość płytki;Comprimento da placa;Lungime placă;Длина пластины;;;;;;Довжина пластини;;板长度;プレート長;Llargada de placa;Plaadi pikkus;Lengte plaat
018d1c80d7277b74ac97e8a98ab656c9;Plate Width;Plattenbreite;;;Ширина на плаката;Šířka desky;Pladebredde;;Plate width;Ancho de la placa;Levyn leveys;Largeur de la platine;;;Talplemez szélessége;Larghezza della piastra;플레이트 너비;Plāksnes platums;Breedte plaat;Platebredde;Szerokość płytki;Largura da placa;Lățimea plăcii;Ширина пластины;;;;;;Ширина пластини;;板宽度;プレート幅;Làmina Width;Plaadi laius;Breedte plaat
018d1c82c6cf7bca94435424c1d4b4d2;Product Description (Long);Produktbeschreibung (lang);;;Описание на продукта (дълго);Popis výrobku (dlouhý);Produktbeskrivelse (lang);;Product description (long);Descripción del producto (larga);Tuotteen kuvaus (pitkä);Description du produit (longue);;;Termékleírás (hosszú);Descrizione del prodotto (lunga);제품 설명(장문);Produkta apraksts (garš);Productomschrijving (lang);Produktbeskrivelse (lang);Opis produktu (długi);Descrição do produto (longa);Descrierea produsului (lungă);Описание продукта (длинное);;;;;;Опис виробу (довгий);;产品描述（长）;製品説明（ロング）;Descripció del producte (llarga);Toote kirjeldus (pikk);Productbeschrijving (lang)
018d1c82f3b7746189936554fabc718f;Product Description (Short);Produktbeschreibung (kurz);;;Описание на продукта (кратко);Popis výrobku (krátký);Produktbeskrivelse (kort);;Product description (short);Descripción del producto (corto);Tuotteen kuvaus (lyhyt);Description du produit (courte);;;Termékleírás (rövid);Descrizione del prodotto (corta);제품 설명(간략);Produkta apraksts (īss);Productomschrijving (kort);Produktbeskrivelse (kort);Opis produktu (krótki);Descrição do produto (curta);Descrierea produsului (scurt);Описание продукта (краткое);;;;;;Опис виробу (короткий);;产品描述（简短）;製品説明（ショート）;Descripció del producte (curt);Toote kirjeldus (lühike);Productbeschrijving (kort)
018d1c85da3a773894ae7796a6d9c763;Diameter;Durchmesser;;;Диаметър;Průměr;Diameter;;Diameter;Diámetro;Halkaisija;Diamètre;;;Átmérő;Diametro;직경;Diametrs;Diameter;Diameter;Średnica;Diâmetro;Diametru;Диаметр;;;;;;Діаметр;;直径;直径;Diametralització;Läbimõõt;Diameter
018d1c86a9c6756881a31db3ce332215;Axle hole diameter;Achsloch Durchmesser ;;;Диаметър на отворите Oc ;průměr otvoru šroub ;Aksel Huldiameter;;Axle hole diameter;El diámetro del agujero del eje ;akseli reiän halkaisija;Diamètre de l’alésage;;;Tengely furat átmérője;Asse diametro del foro;차축 홀 직경;Ass atveres diametrs;Diameter Asgat;Aksel Hulldiameter;średnica otworu oś ;Diâmetro do furo do eixo ;Diametrul găurii Axă ;диаметр отверстия ось ;;;;;;Діаметр отвору осі;;轴孔直径;車軸穴径;eix, diàmetre del forat;võll'i ava diameeter;Asgatdiameter
018d1c8748177bc5a226b566f1bc834a;Stainless;Rostfrei;;;Неръждаемост;nerezové;Rustfri;;Stainless;inoxidable;ruostumaton;Inoxydable;;;rozsdamentes;Inossidabile;스테인리스;Nerūsējošais;Roestvrij;Rustfritt stål;nierdzewne;aço inoxidável;Inoxidabil;нержавеющая сталь;;;;;;Нержавіюча сталь;;不锈;ステンレス;inoxidable;roostevaba;Roestvrij
018d1c87b4a579e8a71477df02b233ed;Electric Conductive;Elektrisch-leitfähig;;;Електропроводим;Elektrické vedení;Elektrisk ledende;;Electric conductive;Conductivo eléctrico;Sähköä johtava;Conducteur d’électricité;;;Elektromosan vezető;Elettricamente conduttivo;전기 전도성;Elektrovadītspējīga;Elektrisch geleidend;Elektrisk ledende;Przewodzące elektrycznie;Elétrico condutivo;Conductiv electric;Электропроводные;;;;;;Електропровідність;;导电;導電性;Conductor elèctric;Elektriline juhtiv;Elektrisch geleidend
018d1c87f990717fb754560cdc93011f;Wheel Name 2 (ERP);Rad Name 2 (ERP);;;Име на Колело 2 (ERP);Název kolo 2 (ERP);Hjul 2 (ERP);;Wheel Name 2 (ERP);Nombre de aro 2 (ERP);pyörä nimi 2 (ERP);Roue nom 2 (ERP);;;kerék neve 2 (ERP);Nome ruota 2 (ERP);휠 이름 2(ERP);Riteņa nosaukums 2 (ERP);Wiel 2 (ERP);Hjul 2 (ERP);Nazwa koło 2 (ERP);Nome da roda 2 (ERP);Nume Roată 2 (ERP);Название колесо 2 (ERP);;;;;;Назва колеса 2 (ERP);;轮子名称 2 （ERP）;車輪名 2（ERP）;Nom de la roda 2 (ERP);ratas nimi 2 (ERP);Naam wiel 2 (ERP)
018d1c88d94a78ba80a0ea0e6ecbed6b;Housing Name 2 (ERP);Gehäuse Name Gehäuse 2 (ERP);;;Име Вилка 2 (ERP);Název uchycení 2 (ERP);Gaffel 2 (ERP);;Housing Name 2 (ERP);Nombre del soporte 2 (ERP);haarukka nimi 2 (ERP);Chape nom 2 (ERP);;;Villaszerkezet neve 0 (ERP);Nome supporto 2 (ERP);하우징 이름 2(ERP);Kronšteinis nosaukums 2 (ERP);Naam Behuizing 2 (ERP);Gaffel 2 (ERP);Nazwa obudowa 2 (ERP);Nome do suporte 2 (ERP);Carcasă 2 (ERP);Название кронштейн 2 (ERP);;;;;;Назва кронштейну 2 (ERP);;支架名称 2 （ERP）;ハウジング名2（ERP）;Nom de suport 2 (ERP);korpus nimi 2 (ERP);Naam Behuizing 2 (ERP)
018d1c8963fa7012b75029cc548e3dd8;Product Owner;Produktverantwortlicher;;;Собственик на продукта;Vlastník produktu;Produktejer;;Product owner;Propietario del producto;Tuotteen omistaja;Propriétaire du produit;;;Termék tulajdonosa;Proprietario del prodotto;제품 소유자;Produkta īpašnieks;Producteigenaar;Produkteier;Właściciel produktu;Proprietário do produto;Proprietar produs;Владелец продукта;;;;;;Власник продукту;;产品负责人;プロダクトオーナー;Producte propietari;Toote omanik;Producteigenaar
018d1c8bc7617decb70ed14e2a43c2a9;Wheel Color;Radfarbe ;;;Цвят на Колело;Barva kolo ;Hjul farve;;Wheel Color;Color del aro ;pyörä väri;Couleur de la roue ;;;kerék színe;Colore Ruota ;휠 색상;Ritenis krāsa;Wielkleur ;Farge på Hjul ;Kolor koło ;Cor da roda ;Roată ;Цвет колесо ;;;;;;Колір колеса ;;轮子颜色;車輪色;roda de color;ratas värv;Kleur Wiel 
018d1c8c25e37ed9869370868222a3cf;Color;Farbe;;;Цвят;Barva;Farve;;Color;Color;Väri;Couleur;;;Szín;Colore;색상;Krāsa;Kleur;Farge;Kolor;Cor;Culoare;Цвет;;;;;;Колір;;颜色：;色;Color;Värv;Kleur
018d1c8d7ba1763dab6daa68bce4adcf;Housing Name 1 (ERP);Gehäuse Name Gehäuse 1 (ERP);;;Име Вилка 1 (ERP);Název uchycení 1 (ERP);Gaffel 1 (ERP);;Housing Name 1 (ERP);Nombre del soporte 1 (ERP);haarukka nimi 1 (ERP);Chape nom 1 (ERP);;;Villaszerkezet neve 1 (ERP);Nome supporto 1 (ERP);하우징 이름 1(ERP);Kronšteinis nosaukums 1 (ERP);Naam Behuizing 1 (ERP);Gaffel 1 (ERP);Nazwa obudowa 1 (ERP);Nome do suporte 1 (ERP);Carcasă 1 (ERP);Название кронштейн 1 (ERP);;;;;;Назва кронштейну 1 (ERP);;支架名称 1 （ERP）;ハウジング名 1（ERP）;Nom dsuport 1 (ERP);korpus nimi 1 (ERP);Naam Behuizing 1 (ERP)
018d1c8dc88c799ca87a120c8552e3af;Wheel Name1;Radbezeichnung1;;;Име на колело1 Name1;Název kolo1 Name1;hjulName1;;Wheel Name1;Nombre del aro1 Name1;pyörä Name1;Nom de roue1 Name1;;;kerék Name1;Nome ruota1 Name1;휠 Name1;ritenis Name1;Naam wiel1 Name1;hjulName1;Nazwa koło1 Name1;Nome da roda1 Name1;Nume roată1 Name1;Название колесо1 Name1;;;;;;Ім’я колесо1 Name1;;轮子Name1;車輪Name1;roda de Name1;ratas Name1;Naam wiel1 Name1
018d1c8e58c170e7b8c2a11cd53a111d;Tread Color;Laufflächenfarbe;;;Цвят Резба;Barva běhoun ;Hjulbane-farve;;Tread Color;Color de la banda de rodadura ;kulutuspinta väri;Couleur du bandage ;;;futófelület színe;Colore battistrada ;트레드 색상;Protektors krāsa;Loopvlak ;Hjulbane-farge;Kolor bieżnia ;Cor do piso ;Benză de rulare;Цвет протектор ;;;;;;Колір протектору;;胎面颜色;トレッド色;El banda de rodadura Color;veerepind värv;Kleur loopvlak 
018d1c8ed0a0714c93b2e1a167318aac;Marketing Literature;Marketing-Literatur;;;Маркетингова литература;Marketingová literatura;Markedsføringslitteratur;;Marketing literature;Documentación de marketing;Markkinointikirjallisuus;Documentation marketing;;;Marketing szakirodalom;Letteratura di marketing;마케팅 문헌;Mārketinga literatūra;Marketing literatuur;Markedsføringslitteratur;Literatura marketingowa;Literatura de marketing;Literatura de marketing;Маркетинговая литература;;;;;;Маркетингова література;;营销文献;マーケティング文献;Marketing Literatura;Turunduskirjandus;Marketing literatuur
018d1c8fcd5a7e4a859906e2972b78c4;Tread Width;Breite der Lauffläche ;;;Ширина на Резба;Šířka běhoun ;Hjulbane bredde ;;Tread width;Ancho de banda de rodadura ;kulutuspinta leveys;Largeur du bandage ;;;futófelület szélessége;Larghezza battistrada ;트레드 폭;Protektora platums;Breedte Loopvlak ;Hjulbane bredde;Szerokość bieżnia;Largura do piso ;Benză de rulare ;Ширина протектор;;;;;;Ширина протектора;;胎面宽度;トレッド幅;El banda de rodadura Width;veerepind ilaius;Breedte Loopvlak 
018d1c90b32b738099e4b268328d6450;Domains;Domänen;;;Домейни;Domény;Domæner;;Domains;Dominios;Toimialueet;Domaines;;;Tartományok;Domini;도메인;Domēni;Domeinen;Domener;Domeny;Domínios;Domenii;Домены;;;;;;Домени;;域;ドメイン;Dominis;Domeenid;Domeinen
018d1c91170d7e4e8d0a19fce5b7883f;Data Sheet;Datenblatt;;;Лист с данни;Datový list;Datablad;;Data sheet;Hoja de datos;Tiedote;Fiche technique;;;Adatlap;Scheda tecnica;데이터 시트;Datu lapa;Gegevensblad;Dataark;Karta charakterystyki;Folha de dados;Fișă tehnică;Технические данные;;;;;;Технічний паспорт;;数据表;データシート;Full de dades;Andmeleht;Gegevensblad
018d1c91660474adba14b2ab217a3ff2;Housing Cover;Gehäuseverkleidung;;;Покритие на вилката;kryt uchycení;Kappe;;Housing cover;tapa de soporte;pyörätalon peite;Capot;;;Villaszerkezet burkolata;Copertura del supporto;하우징 커버;Aizsargslānis;Behuizing bekleding;Kappe;pokrywa obudowy;Suporte;Capac de carcasă;покрытие кронштейна;;;;;;Кришка корпусу;;支架盖;ハウジングカバー;tap de suport;korpuse kate;Afdichting behuizing
018d1c91af0970ef84b1ec03124e3600;Certification;Zertifikat;;;Сертифициране;Certifikace;Certificering;;Certification;Certificación;Sertifiointi;Certification;;;Tanúsítvány;Certificazione;인증;Sertifikācija;Certificering;Sertifisering;Certyfikacja;Certificação;Certificare;Сертификация;;;;;;Сертифікація;;认证;認証;Certificació;Sertifitseerimine;Certificering
018d1c91f8717fd8af0aa661dea6e468;Tread;Lauffläche;;;Резба;běhoun;Hjulbane;;Tread;banda de rodadura;kulutuspinta;Bandage;;;futófelület;Battistrada;트레드;Protektors;Loopvlak;Hjulbane;bieżnia;piso;Benză de rulare;протектор;;;;;;Протектор;;胎面;トレッド;banda de rodadura;veerepind;Loopvlak
018d1c93fbe67bbb8843001c625c835c;Featured Product;Vorgestelltes Produkt;;;Препоръчан продукт;Hlavní produkt;Fremhævet produkt;;Featured product;Producto destacado;Esittelyssä oleva tuote;Caratéristiques du produit;;;Kiemelt termék;Prodotto in primo piano;추천 제품;Piedāvātais produkts;Aanbevolen product;Utvalgt produkt;Polecany produkt;Produto em destaque;Produs recomandat;Рекомендуемый продукт;;;;;;Рекомендований продукт;;特色产品;注目の製品;Producte destacat;Esiletõstetud toode;Aanbevolen product
018d1c94fd517f77a6dd8922dc520258;Bolt mounting holes quantity;Anzahl der Montagebohrungen im Zapfen;;;Количество отвори за монтаж на Болт ;Množství montážních otvorů pro matice ;Bolt;;Bolt mounting holes quantity;Cantidad de orificios de montaje del perno ;pultti määrä;Nombre de trous de fixation;;;Csavar rögzítőfuratok száma;Numero fori di fissaggio ;볼트 장착 구멍 수량;Skrūvju montāžas caurumu daudzums;Hoeveelheid bevestigingsgaten;Antall monteringshull for Bolt ;Ilość otworów montażowych trzpień ;Quantidade de furos: parafusos de fixação;Cantitate orificii de montare Șurub ;Количество отверстий для крепления болт ;;;;;;Кількість монтажних отворів для болтів;;螺栓安装孔数量;ボルト取付穴数;pern muntant la quantitat de forats;polt kinnitusaukude kogus;Hoeveelheid bevestigingsgaten voor bouten
018d1c9a42af7c3bb5d3f7860bd1ad99;Ball Bearing Diameter;Kugellager Durchmesser ;;;Диаметър на Сачмен лагер ;Průměr kuličkové ložisko ;Kugleleje diameter;;Ball bearing diameter;Diámetro del rodamiento de bolas ;kuulalaakeri halkaisija;Diamètre du roulement à billes ;;;golyóscsapágy átmérője;Diametro cuscinetto a sfere ;볼 베어링 직경;Gultņa diametrs;Diameter Kogellager ;Diameter på Kulelager ;Średnica łożysko kulkowe;Diâmetro do rolamento de esferas ;Diametru Rulment cu bile ;Диаметр шариковый подшипник ;;;;;;Діаметр кулькового підшипника ;;滚珠轴承直径;ボールベアリング径;rodament de boles;kuullaager läbimõõt;Diameter kogellager 
018d1c9aaa1e792a8bcbfadabaf3e946;Number of ball bearings;Anzahl der Kugellager;;;Брой сачмени лагери;Počet kuličkových ložisek;Antal kuglelejer;;Number of ball bearings;Número de cojinetes de bolas;Kuulalaakerien määrä;Nombre de roulements à billes;;;Golyóscsapágyak száma;Numero di cuscinetti a sfere;볼 베어링 수;Lodīšu gultņu skaits;Aantal kogellagers;Antall kulelagre;Liczba łożysk kulkowych;Número de rolamentos de esferas;Număr de rulmenți cu bile;Количество шарикоподшипников;;;;;;Кількість кулькових підшипників;;滚珠轴承数量;ボールベアリング数;Nombre de balls;Kuullaagrite arv;Aantal kogellagers
018d1c9ae41c71b98926894f28623bdb;Ball Bearing Width;Kugellager Breite;;;Ширина на Сачмен лагер ;Šířka kuličkové ložisko ;Bredde af Kugleleje ;;Ball bearing width;Ancho del rodamiento de bolas ;kuulalaakeri leveys;Largeur du roulement à billes ;;;golyóscsapágy szélessége;Larghezza cuscinetto a sfere ;볼 베어링 폭;Gultņa platums;Breedte Kogellager ;Kulelagerbredde;Szerokość łożysko kulkowe;Largura do rolamento de esferas ;Lățime Rulment cu bile ;Ширина шариковый подшипник ;;;;;;Ширина кульковий підшипника ;;滚珠轴承宽度;ボールベアリング幅;rodament de boles Width;kuullaager laius;Breedte Kogellager 
018d6a08f80e7d4eb3510533be59433e;Bolt length;Zapfenlänge;;;Дължина на Болт;Délka matice ;Boltlængde;;Bolt length;Longitud del perno ;pultti pituus;Longueur de la vis;;;csavar hossza;Lunghezza bullone ;볼트 길이;Skrūves garums;Lengte Bout ;Boltlengde;Długość trzpień ;Comprimento do furo ;Lungime Șurub ;Длина болт ;;;;;;Довжина болта;;螺栓长度;ボルト長;pern Longitud;polt pikkus;Lengte Bout 
018d6a0b72557ac8b76e47499a00b222;Collar Diameter;Bund Durchmesser;;;Диаметър на яката;Průměr objímky;Kravediameter;;Collar diameter;Diámetro del collar;Kauluksen halkaisija;Diamètre du collet;;;Gallér átmérője;Diametro del collare;칼라 직경;Apkakles diametrs;Diameter kraag;Kragediameter;Średnica kołnierza;Diâmetro do colar;Diametru colier;Диаметр хомута;;;;;;Діаметр хомута;;套环直径;カラー径;Diametral de Collar;Kollaarne läbimõõt;Diameter kraag
018dcb149a717a7c9efd9706c5b82dfb;Fitting Type;Befestigungsart;;;Тип на прилягане;Typ montáže;Tilpasningstype;;Fitting type;Tipo de ajuste;Sovittimen tyyppi;Type de fixation;;;Szerelvény típusa;Tipo di fissaggio;피팅 유형;Uzstādīšanas veids;Type pasvorm;Tilpasningstype;Typ mocowania;Tipo de fixação;Tip ajustare;Тип фитинга;;;;;;Тип кріплення;;接头类型;フィッティングタイプ;Fitting Type;Paigaldamise tüüp;Bevestigingstype
018dcb155e1e7e60b89de49172634a0a;Product Name;Produktname;;;Име на продукта;Název produktu;Produktnavn;;Product name;Nombre del producto;Tuotteen nimi;Nom du produit;;;Termék neve;Nome del prodotto;제품명;Produkta nosaukums;Productnaam;Produktnavn;Nazwa produktu;Nome do produto;Nume produs;Название продукта;;;;;;Назва продукту;;产品名称;製品名;Nom del producte;Toote nimi;Productnaam
018dcbb8dc327d698402d45031524413;In stock;Auf Lager;;;На склад;Na skladě;På lager;;In stock;En stock;Varastossa;En stock;;;Készleten;In stock;재고 있음;Ir noliktavā;Op voorraad;På lager;W magazynie;Em stock;În stoc;На складе;;;;;;На складі;;库存中;在庫あり;En stock;Varudes;Op voorraad
018dcbb981037975b547a5b5a3ff382b;Applications;Anwendungen;;;Приложения;Aplikace;Applikationer;;Applications;Aplicaciones;Sovellukset;Applications;;;Alkalmazások;Applicazioni;애플리케이션;Pieteikumi;Toepassingen;Applikasjoner;Zastosowania;Aplicações;Aplicații;Приложения;;;;;;Застосування;;应用;アプリケーション;Aplicacions;Rakendused;Toepassingen
018dd0ca3a6f7a648c7d38dac359b71c;Stainless;Rostfrei;;;Неръждаемост;nerezové;Rustfri;;Stainless;inoxidable;ruostumaton;Inoxydable;;;rozsdamentes;Inossidabile;스테인리스;Nerūsējošais;Roestvrij;Rustfritt stål;nierdzewne;aço inoxidável;Inoxidabil;нержавеющая сталь;;;;;;Нержавіюча сталь;;不锈;ステンレス;inoxidable;roostevaba;Roestvrij
018e3d0b831f76f0bb5ec6a787c4bc46;Product type;Produkttyp;;;Вид на продукта;Typ produktu;Produkttype;;Product type;Tipo de producto;Tuotteen tyyppi;Type de produit;;;Termék típusa;Tipo di prodotto;제품 유형;Produkta veids;Producttype;Produkttype;Typ produktu;Tipo de produto;Tip produs;Тип продукта;;;;;;Тип продукту;;产品类型;製品タイプ;Tipus de producte;Toote tüüp;Producttype
018e5be4f8e97c00a489d001aaaddb04;Special features;Besonderheiten;;;Специални функции;Speciální funkce;Særlige funktioner;;Special features;Características especiales;Erikoisominaisuudet;Caractéristiques spéciales;;;Speciális funkciók;Caratteristiche speciali;특수 기능;Īpašas funkcijas;Speciale functies;Spesielle funksjoner;Funkcje specjalne;Características especiais;Caracteristici speciale;Специальные функции;;;;;;Спеціальні функції;;特殊功能;特殊機能;Característiques especials;Erifunktsioonid;Speciale functies
018e7aeae6037a87b2293e9436f9e91f;Brake pedal;Bremspedal;;;Педал на спирачката;Brzdový pedál;Bremsepedal;;Brake pedal;Pedal de freno;Jarrupoljin;Pédale de frein;;;Fékpedál;Pedale freno;브레이크 페달;Bremžu pedālis;Rempedaal;Bremsepedal;Pedał hamulca;Pedal do travão;Pedală de frână;Педаль тормоза;;;;;;Педаль гальма;;制动踏板;ブレーキペダル;Pessebres pedalades;Piduripedaal;Rempedaal
018e7b0369e7793ab9f6ff28ea3d1328;Axle;Achse;;;Oc;šroub;Aksel;;Axle;eje;akseli;Axe;;;tengely;Asse;차축;Ass;As;Aksel;oś;eixo;Axă;ось;;;;;;Вісь;;轴;車軸;eix;võll;As
018e7b082bac7c15a5b8de189a438238;Threadguards;Fadenschutz;;;Предпазители за резби;ochranná krytka;Trådfang;;Threadguards;protectores de hilo;lankasuojat;Pare-fils;;;szálvédők;Parafili;스레드 가드;Izplešanās armatūra;Afdekkapjes;Trådfang;osłony gwintu;anti-fios;Protecție pentru filet;защита от проводов;;;;;;Захист різьби;;侧盖;スレッドガード;protectors de fil;niidikaitse;Afdekkapjes
018e7b1a86f6738fb22228c05f29521b;Wheel name;Radbezeichnung;;;Име на Колело;Název kolo ;Hjulnavn;;Wheel name;Nombre del aro ;pyörä nimi;Nom de la roue;;;kerék neve;Nome ruota ;휠 이름;Riteņa nosaukums;Wiel naam;Hjulnavn;Nazwa koło ;Nome da roda ;Nume Roată ;Название колесо ;;;;;;Назва колеса ;;轮子名称;車輪名;Nom de la roda ;ratas nimi;Naam wiel 
018e7b1cd8fc744c9fe851e72ebc6db1;Body width;Breite des Radkörpers;;;Ширина на тялото;Šířka těla;Fælgbredde;;Body width;Anchura del cuerpo;Rungon leveys;Largeur du corps de roue;;;Test szélessége;Larghezza corpo;차체 너비;Korpusa platums;Breedte wielkern;Kroppsbredde;Szerokość korpusu;Largura do corpo;Lățimea corpului;Ширина тела;;;;;;Ширина корпуса;;车身宽度;ボディ幅;Corporació ample;Keha laius;Breedte wielkern
018e7fbba6e2778d9a4df56ef5e06a70;Load Capacity;Tragfähigkeit;;;товароносимост;nosnost;belastning;;Load Capacity;capacidad de carga;kantavuus;capacité de charge;;;teherbírás;portata;적재 용량;kravnesība;draagvermogen;laste;nośność;capacidade de carga;capacitate de încărcare;грузоподъемность;;;;;;вантажопідйомність;;载重能力;耐荷重;tracidad de carga;kandevõime;draagvermogen